Date,Name of State / UT,Death,Total Confirmed cases
2020-03-12,Andhra Pradesh,0,1
2020-03-13,Andhra Pradesh,0,1
2020-03-14,Andhra Pradesh,0,1
2020-03-15,Andhra Pradesh,0,1
2020-03-16,Andhra Pradesh,0,1
2020-03-17,Andhra Pradesh,0,1
2020-03-18,Andhra Pradesh,0,1
2020-03-19,Andhra Pradesh,0,2
2020-03-20,Andhra Pradesh,0,2
2020-03-21,Andhra Pradesh,0,3
2020-03-22,Andhra Pradesh,0,5
2020-03-23,Andhra Pradesh,0,7
2020-03-24,Andhra Pradesh,0,8
2020-03-25,Andhra Pradesh,0,9
2020-03-26,Andhra Pradesh,0,11
2020-03-27,Andhra Pradesh,0,12
2020-03-28,Andhra Pradesh,0,14
2020-03-29,Andhra Pradesh,0,14
2020-03-30,Andhra Pradesh,0,19
2020-03-31,Andhra Pradesh,0,40
2020-04-01,Andhra Pradesh,0,83
2020-04-02,Andhra Pradesh,1,86
2020-04-03,Andhra Pradesh,1,132
2020-04-04,Andhra Pradesh,1,161
2020-04-05,Andhra Pradesh,1,161
2020-04-06,Andhra Pradesh,3,226
2020-04-07,Andhra Pradesh,3,266
2020-04-08,Andhra Pradesh,4,305
2020-04-09,Andhra Pradesh,4,348
2020-04-10,Andhra Pradesh,4,348
2020-04-11,Andhra Pradesh,6,363
2020-04-12,Andhra Pradesh,6,381
2020-04-13,Andhra Pradesh,7,427
2020-04-14,Andhra Pradesh,9,473
2020-04-15,Andhra Pradesh,9,483
2020-04-16,Andhra Pradesh,14,525
2020-04-17,Andhra Pradesh,14,572
2020-04-18,Andhra Pradesh,14,572
2020-04-19,Andhra Pradesh,15,603
2020-04-20,Andhra Pradesh,15,646
2020-04-21,Andhra Pradesh,20,722
2020-04-22,Andhra Pradesh,22,757
2020-04-23,Andhra Pradesh,24,813
2020-04-24,Andhra Pradesh,27,895
2020-04-25,Andhra Pradesh,29,955
2020-04-26,Andhra Pradesh,31,1061
2020-04-27,Andhra Pradesh,31,1097
2020-04-28,Andhra Pradesh,31,1183
2020-04-29,Andhra Pradesh,31,1259
2020-04-30,Andhra Pradesh,31,1332
2020-05-01,Andhra Pradesh,31,1403
2020-05-02,Andhra Pradesh,33,1463
2020-05-03,Andhra Pradesh,33,1525
2020-05-04,Andhra Pradesh,33,1583
2020-05-05,Andhra Pradesh,36,1650
2020-05-06,Andhra Pradesh,36,1717
2020-05-07,Andhra Pradesh,36,1777
2020-05-08,Andhra Pradesh,38,1847
2020-05-09,Andhra Pradesh,41,1887
2020-05-10,Andhra Pradesh,44,1930
2020-05-11,Andhra Pradesh,45,1980
2020-05-12,Andhra Pradesh,45,2018
2020-05-13,Andhra Pradesh,46,2090
2020-05-14,Andhra Pradesh,47,2137
2020-05-15,Andhra Pradesh,48,2205
