Date,Name of State / UT,Death,Total Confirmed cases
2020-04-03,Arunachal Pradesh,0,1
2020-04-04,Arunachal Pradesh,0,1
2020-04-05,Arunachal Pradesh,0,1
2020-04-06,Arunachal Pradesh,0,1
2020-04-07,Arunachal Pradesh,0,1
2020-04-08,Arunachal Pradesh,0,1
2020-04-09,Arunachal Pradesh,0,1
2020-04-10,Arunachal Pradesh,0,1
2020-04-11,Arunachal Pradesh,0,1
2020-04-12,Arunachal Pradesh,0,1
2020-04-13,Arunachal Pradesh,0,1
2020-04-14,Arunachal Pradesh,0,1
2020-04-15,Arunachal Pradesh,0,1
2020-04-16,Arunachal Pradesh,0,1
2020-04-17,Arunachal Pradesh,0,1
2020-04-18,Arunachal Pradesh,0,1
2020-04-19,Arunachal Pradesh,0,1
2020-04-20,Arunachal Pradesh,0,1
2020-04-21,Arunachal Pradesh,0,1
2020-04-22,Arunachal Pradesh,0,1
2020-04-23,Arunachal Pradesh,0,1
2020-04-24,Arunachal Pradesh,0,1
2020-04-25,Arunachal Pradesh,0,1
2020-04-26,Arunachal Pradesh,0,1
2020-04-27,Arunachal Pradesh,0,1
2020-04-28,Arunachal Pradesh,0,1
2020-04-29,Arunachal Pradesh,0,1
2020-04-30,Arunachal Pradesh,0,1
2020-05-01,Arunachal Pradesh,0,1
2020-05-02,Arunachal Pradesh,0,1
2020-05-03,Arunachal Pradesh,0,1
2020-05-04,Arunachal Pradesh,0,1
2020-05-05,Arunachal Pradesh,0,1
2020-05-06,Arunachal Pradesh,0,1
2020-05-07,Arunachal Pradesh,0,1
2020-05-08,Arunachal Pradesh,0,1
2020-05-09,Arunachal Pradesh,0,1
2020-05-10,Arunachal Pradesh,0,1
2020-05-11,Arunachal Pradesh,0,1
2020-05-12,Arunachal Pradesh,0,1
2020-05-13,Arunachal Pradesh,0,1
2020-05-14,Arunachal Pradesh,0,1
2020-05-15,Arunachal Pradesh,0,1
