Date,Name of State / UT,Death,Total Confirmed cases
2020-03-21,Chandigarh,0,1
2020-03-22,Chandigarh,0,5
2020-03-23,Chandigarh,0,6
2020-03-24,Chandigarh,0,7
2020-03-25,Chandigarh,0,7
2020-03-26,Chandigarh,0,7
2020-03-27,Chandigarh,0,7
2020-03-28,Chandigarh,0,8
2020-03-29,Chandigarh,0,8
2020-03-30,Chandigarh,0,8
2020-03-31,Chandigarh,0,13
2020-04-01,Chandigarh,0,16
2020-04-02,Chandigarh,0,16
2020-04-03,Chandigarh,0,18
2020-04-04,Chandigarh,0,18
2020-04-05,Chandigarh,0,18
2020-04-06,Chandigarh,0,18
2020-04-07,Chandigarh,0,18
2020-04-08,Chandigarh,0,18
2020-04-09,Chandigarh,0,18
2020-04-10,Chandigarh,0,18
2020-04-11,Chandigarh,0,18
2020-04-12,Chandigarh,0,19
2020-04-13,Chandigarh,0,21
2020-04-14,Chandigarh,0,21
2020-04-15,Chandigarh,0,21
2020-04-16,Chandigarh,0,21
2020-04-17,Chandigarh,0,21
2020-04-18,Chandigarh,0,21
2020-04-19,Chandigarh,0,23
2020-04-20,Chandigarh,0,26
2020-04-21,Chandigarh,0,26
2020-04-22,Chandigarh,0,27
2020-04-23,Chandigarh,0,27
2020-04-24,Chandigarh,0,27
2020-04-25,Chandigarh,0,27
2020-04-26,Chandigarh,0,28
2020-04-27,Chandigarh,0,30
2020-04-28,Chandigarh,0,40
2020-04-29,Chandigarh,0,56
2020-04-30,Chandigarh,0,56
2020-05-01,Chandigarh,0,56
2020-05-02,Chandigarh,0,88
2020-05-03,Chandigarh,0,88
2020-05-04,Chandigarh,0,94
2020-05-05,Chandigarh,1,102
2020-05-06,Chandigarh,1,111
2020-05-07,Chandigarh,1,120
2020-05-08,Chandigarh,1,135
2020-05-09,Chandigarh,1,150
2020-05-10,Chandigarh,2,169
2020-05-11,Chandigarh,2,169
2020-05-12,Chandigarh,2,174
2020-05-13,Chandigarh,3,187
2020-05-14,Chandigarh,3,187
2020-05-15,Chandigarh,3,191
