Date,Name of State / UT,Death,Total Confirmed cases
2020-03-19,Chhattisgarh,0,1
2020-03-20,Chhattisgarh,0,1
2020-03-21,Chhattisgarh,0,1
2020-03-22,Chhattisgarh,0,1
2020-03-23,Chhattisgarh,0,1
2020-03-24,Chhattisgarh,0,1
2020-03-25,Chhattisgarh,0,1
2020-03-26,Chhattisgarh,0,6
2020-03-27,Chhattisgarh,0,6
2020-03-28,Chhattisgarh,0,6
2020-03-29,Chhattisgarh,0,6
2020-03-30,Chhattisgarh,0,7
2020-03-31,Chhattisgarh,0,8
2020-04-01,Chhattisgarh,0,9
2020-04-02,Chhattisgarh,0,9
2020-04-03,Chhattisgarh,0,9
2020-04-04,Chhattisgarh,0,9
2020-04-05,Chhattisgarh,0,9
2020-04-06,Chhattisgarh,0,9
2020-04-07,Chhattisgarh,0,10
2020-04-08,Chhattisgarh,0,10
2020-04-09,Chhattisgarh,0,10
2020-04-10,Chhattisgarh,0,10
2020-04-11,Chhattisgarh,0,18
2020-04-12,Chhattisgarh,0,18
2020-04-13,Chhattisgarh,0,31
2020-04-14,Chhattisgarh,0,31
2020-04-15,Chhattisgarh,0,33
2020-04-16,Chhattisgarh,0,33
2020-04-17,Chhattisgarh,0,36
2020-04-18,Chhattisgarh,0,36
2020-04-19,Chhattisgarh,0,36
2020-04-20,Chhattisgarh,0,36
2020-04-21,Chhattisgarh,0,36
2020-04-22,Chhattisgarh,0,36
2020-04-23,Chhattisgarh,0,36
2020-04-24,Chhattisgarh,0,36
2020-04-25,Chhattisgarh,0,36
2020-04-26,Chhattisgarh,0,37
2020-04-27,Chhattisgarh,0,37
2020-04-28,Chhattisgarh,0,37
2020-04-29,Chhattisgarh,0,38
2020-04-30,Chhattisgarh,0,38
2020-05-01,Chhattisgarh,0,40
2020-05-02,Chhattisgarh,0,43
2020-05-03,Chhattisgarh,0,43
2020-05-04,Chhattisgarh,0,57
2020-05-05,Chhattisgarh,0,58
2020-05-06,Chhattisgarh,0,59
2020-05-07,Chhattisgarh,0,59
2020-05-08,Chhattisgarh,0,59
2020-05-09,Chhattisgarh,0,59
2020-05-10,Chhattisgarh,0,59
2020-05-11,Chhattisgarh,0,59
2020-05-12,Chhattisgarh,0,59
2020-05-13,Chhattisgarh,0,59
2020-05-14,Chhattisgarh,0,59
2020-05-15,Chhattisgarh,0,60
