Date,Name of State / UT,Death,Total Confirmed cases
2020-03-21,Himachal Pradesh,0,2
2020-03-22,Himachal Pradesh,0,2
2020-03-23,Himachal Pradesh,0,2
2020-03-24,Himachal Pradesh,1,3
2020-03-25,Himachal Pradesh,1,3
2020-03-26,Himachal Pradesh,1,3
2020-03-27,Himachal Pradesh,1,3
2020-03-28,Himachal Pradesh,1,3
2020-03-29,Himachal Pradesh,1,3
2020-03-30,Himachal Pradesh,1,3
2020-03-31,Himachal Pradesh,1,3
2020-04-01,Himachal Pradesh,1,3
2020-04-02,Himachal Pradesh,1,3
2020-04-03,Himachal Pradesh,1,6
2020-04-04,Himachal Pradesh,1,6
2020-04-05,Himachal Pradesh,1,6
2020-04-06,Himachal Pradesh,1,13
2020-04-07,Himachal Pradesh,1,13
2020-04-08,Himachal Pradesh,1,18
2020-04-09,Himachal Pradesh,1,18
2020-04-10,Himachal Pradesh,1,18
2020-04-11,Himachal Pradesh,1,28
2020-04-12,Himachal Pradesh,1,32
2020-04-13,Himachal Pradesh,1,32
2020-04-14,Himachal Pradesh,1,32
2020-04-15,Himachal Pradesh,1,33
2020-04-16,Himachal Pradesh,1,35
2020-04-17,Himachal Pradesh,1,35
2020-04-18,Himachal Pradesh,1,36
2020-04-19,Himachal Pradesh,1,39
2020-04-20,Himachal Pradesh,1,39
2020-04-21,Himachal Pradesh,1,39
2020-04-22,Himachal Pradesh,1,39
2020-04-23,Himachal Pradesh,1,40
2020-04-24,Himachal Pradesh,1,40
2020-04-25,Himachal Pradesh,1,40
2020-04-26,Himachal Pradesh,1,40
2020-04-27,Himachal Pradesh,1,40
2020-04-28,Himachal Pradesh,1,40
2020-04-29,Himachal Pradesh,1,40
2020-04-30,Himachal Pradesh,1,40
2020-05-01,Himachal Pradesh,1,40
2020-05-02,Himachal Pradesh,1,40
2020-05-03,Himachal Pradesh,1,40
2020-05-04,Himachal Pradesh,1,40
2020-05-05,Himachal Pradesh,1,41
2020-05-06,Himachal Pradesh,2,42
2020-05-07,Himachal Pradesh,2,45
2020-05-08,Himachal Pradesh,2,46
2020-05-09,Himachal Pradesh,2,50
2020-05-10,Himachal Pradesh,2,50
2020-05-11,Himachal Pradesh,2,55
2020-05-12,Himachal Pradesh,2,59
2020-05-13,Himachal Pradesh,2,65
2020-05-14,Himachal Pradesh,2,66
2020-05-15,Himachal Pradesh,2,74
