Date,Name of State / UT,Death,Total Confirmed cases
2020-03-21,Jammu and Kashmir,0,4
2020-03-22,Jammu and Kashmir,0,4
2020-03-23,Jammu and Kashmir,0,4
2020-03-24,Jammu and Kashmir,0,4
2020-03-25,Jammu and Kashmir,0,7
2020-03-26,Jammu and Kashmir,1,13
2020-03-27,Jammu and Kashmir,1,13
2020-03-28,Jammu and Kashmir,1,20
2020-03-29,Jammu and Kashmir,1,31
2020-03-30,Jammu and Kashmir,2,31
2020-03-31,Jammu and Kashmir,2,54
2020-04-01,Jammu and Kashmir,2,62
2020-04-02,Jammu and Kashmir,2,62
2020-04-03,Jammu and Kashmir,2,70
2020-04-04,Jammu and Kashmir,2,75
2020-04-05,Jammu and Kashmir,2,92
2020-04-06,Jammu and Kashmir,2,106
2020-04-07,Jammu and Kashmir,2,109
2020-04-08,Jammu and Kashmir,2,116
2020-04-09,Jammu and Kashmir,4,158
2020-04-10,Jammu and Kashmir,4,158
2020-04-11,Jammu and Kashmir,4,207
2020-04-12,Jammu and Kashmir,4,207
2020-04-13,Jammu and Kashmir,4,245
2020-04-14,Jammu and Kashmir,4,270
2020-04-15,Jammu and Kashmir,4,278
2020-04-16,Jammu and Kashmir,4,300
2020-04-17,Jammu and Kashmir,4,314
2020-04-18,Jammu and Kashmir,5,328
2020-04-19,Jammu and Kashmir,5,341
2020-04-20,Jammu and Kashmir,5,350
2020-04-21,Jammu and Kashmir,5,368
2020-04-22,Jammu and Kashmir,5,380
2020-04-23,Jammu and Kashmir,5,407
2020-04-24,Jammu and Kashmir,5,427
2020-04-25,Jammu and Kashmir,5,454
2020-04-26,Jammu and Kashmir,6,494
2020-04-27,Jammu and Kashmir,6,523
2020-04-28,Jammu and Kashmir,7,546
2020-04-29,Jammu and Kashmir,8,565
2020-04-30,Jammu and Kashmir,8,581
2020-05-01,Jammu and Kashmir,8,614
2020-05-02,Jammu and Kashmir,8,639
2020-05-03,Jammu and Kashmir,8,666
2020-05-04,Jammu and Kashmir,8,701
2020-05-05,Jammu and Kashmir,8,726
2020-05-06,Jammu and Kashmir,8,741
2020-05-07,Jammu and Kashmir,8,775
2020-05-08,Jammu and Kashmir,9,793
2020-05-09,Jammu and Kashmir,9,823
2020-05-10,Jammu and Kashmir,9,836
2020-05-11,Jammu and Kashmir,9,861
2020-05-12,Jammu and Kashmir,10,879
2020-05-13,Jammu and Kashmir,10,934
2020-05-14,Jammu and Kashmir,11,971
2020-05-15,Jammu and Kashmir,11,983
