Date,Name of State / UT,Death,Total Confirmed cases
2020-04-01,Jharkhand,0,1
2020-04-02,Jharkhand,0,1
2020-04-03,Jharkhand,0,2
2020-04-04,Jharkhand,0,2
2020-04-05,Jharkhand,0,2
2020-04-06,Jharkhand,0,3
2020-04-07,Jharkhand,0,4
2020-04-08,Jharkhand,0,4
2020-04-09,Jharkhand,0,4
2020-04-10,Jharkhand,1,13
2020-04-11,Jharkhand,1,14
2020-04-12,Jharkhand,1,17
2020-04-13,Jharkhand,2,19
2020-04-14,Jharkhand,2,24
2020-04-15,Jharkhand,2,27
2020-04-16,Jharkhand,2,28
2020-04-17,Jharkhand,2,29
2020-04-18,Jharkhand,2,33
2020-04-19,Jharkhand,2,34
2020-04-20,Jharkhand,2,42
2020-04-21,Jharkhand,2,46
2020-04-22,Jharkhand,3,45
2020-04-23,Jharkhand,3,49
2020-04-24,Jharkhand,3,53
2020-04-25,Jharkhand,3,57
2020-04-26,Jharkhand,3,67
2020-04-27,Jharkhand,3,82
2020-04-28,Jharkhand,3,82
2020-04-29,Jharkhand,3,103
2020-04-30,Jharkhand,3,107
2020-05-01,Jharkhand,3,109
2020-05-02,Jharkhand,3,111
2020-05-03,Jharkhand,3,115
2020-05-04,Jharkhand,3,115
2020-05-05,Jharkhand,3,115
2020-05-06,Jharkhand,3,125
2020-05-07,Jharkhand,3,127
2020-05-08,Jharkhand,3,132
2020-05-09,Jharkhand,3,132
2020-05-10,Jharkhand,3,156
2020-05-11,Jharkhand,3,157
2020-05-12,Jharkhand,3,160
2020-05-13,Jharkhand,3,172
2020-05-14,Jharkhand,3,173
2020-05-15,Jharkhand,3,197
