Date,Name of State / UT,Death,Total Confirmed cases
2020-03-09,Karnataka,0,1
2020-03-10,Karnataka,0,4
2020-03-11,Karnataka,0,4
2020-03-12,Karnataka,1,4
2020-03-13,Karnataka,1,5
2020-03-14,Karnataka,1,6
2020-03-15,Karnataka,1,6
2020-03-16,Karnataka,1,6
2020-03-17,Karnataka,1,11
2020-03-18,Karnataka,1,11
2020-03-19,Karnataka,1,14
2020-03-20,Karnataka,1,15
2020-03-21,Karnataka,1,15
2020-03-22,Karnataka,1,26
2020-03-23,Karnataka,1,33
2020-03-24,Karnataka,1,37
2020-03-25,Karnataka,1,41
2020-03-26,Karnataka,2,55
2020-03-27,Karnataka,2,55
2020-03-28,Karnataka,2,55
2020-03-29,Karnataka,3,76
2020-03-30,Karnataka,3,80
2020-03-31,Karnataka,3,83
2020-04-01,Karnataka,3,101
2020-04-02,Karnataka,3,110
2020-04-03,Karnataka,3,124
2020-04-04,Karnataka,3,128
2020-04-05,Karnataka,4,144
2020-04-06,Karnataka,4,151
2020-04-07,Karnataka,4,151
2020-04-08,Karnataka,4,175
2020-04-09,Karnataka,5,181
2020-04-10,Karnataka,5,181
2020-04-11,Karnataka,6,207
2020-04-12,Karnataka,6,214
2020-04-13,Karnataka,6,232
2020-04-14,Karnataka,9,258
2020-04-15,Karnataka,10,260
2020-04-16,Karnataka,12,279
2020-04-17,Karnataka,13,353
2020-04-18,Karnataka,13,359
2020-04-19,Karnataka,14,384
2020-04-20,Karnataka,16,390
2020-04-21,Karnataka,16,408
2020-04-22,Karnataka,17,418
2020-04-23,Karnataka,17,427
2020-04-24,Karnataka,17,445
2020-04-25,Karnataka,18,474
2020-04-26,Karnataka,18,500
2020-04-27,Karnataka,19,503
2020-04-28,Karnataka,20,512
2020-04-29,Karnataka,20,523
2020-04-30,Karnataka,21,535
2020-05-01,Karnataka,21,565
2020-05-02,Karnataka,22,589
2020-05-03,Karnataka,25,601
2020-05-04,Karnataka,25,614
2020-05-05,Karnataka,27,651
2020-05-06,Karnataka,29,671
2020-05-07,Karnataka,29,693
2020-05-08,Karnataka,30,705
2020-05-09,Karnataka,30,753
2020-05-10,Karnataka,30,794
2020-05-11,Karnataka,31,848
2020-05-12,Karnataka,31,862
2020-05-13,Karnataka,31,925
2020-05-14,Karnataka,33,959
2020-05-15,Karnataka,35,987
