Date,Name of State / UT,Death,Total Confirmed cases
2020-03-21,Madhya Pradesh,0,4
2020-03-22,Madhya Pradesh,0,4
2020-03-23,Madhya Pradesh,0,6
2020-03-24,Madhya Pradesh,0,7
2020-03-25,Madhya Pradesh,0,14
2020-03-26,Madhya Pradesh,1,20
2020-03-27,Madhya Pradesh,1,20
2020-03-28,Madhya Pradesh,2,30
2020-03-29,Madhya Pradesh,2,30
2020-03-30,Madhya Pradesh,2,33
2020-03-31,Madhya Pradesh,3,47
2020-04-01,Madhya Pradesh,3,66
2020-04-02,Madhya Pradesh,6,99
2020-04-03,Madhya Pradesh,6,99
2020-04-04,Madhya Pradesh,6,104
2020-04-05,Madhya Pradesh,6,104
2020-04-06,Madhya Pradesh,9,165
2020-04-07,Madhya Pradesh,9,165
2020-04-08,Madhya Pradesh,13,229
2020-04-09,Madhya Pradesh,13,229
2020-04-10,Madhya Pradesh,16,259
2020-04-11,Madhya Pradesh,33,435
2020-04-12,Madhya Pradesh,36,532
2020-04-13,Madhya Pradesh,36,564
2020-04-14,Madhya Pradesh,50,730
2020-04-15,Madhya Pradesh,50,730
2020-04-16,Madhya Pradesh,53,987
2020-04-17,Madhya Pradesh,57,1308
2020-04-18,Madhya Pradesh,69,1310
2020-04-19,Madhya Pradesh,70,1407
2020-04-20,Madhya Pradesh,70,1407
2020-04-21,Madhya Pradesh,74,1485
2020-04-22,Madhya Pradesh,76,1552
2020-04-23,Madhya Pradesh,80,1592
2020-04-24,Madhya Pradesh,83,1699
2020-04-25,Madhya Pradesh,92,1852
2020-04-26,Madhya Pradesh,99,2096
2020-04-27,Madhya Pradesh,103,2096
2020-04-28,Madhya Pradesh,110,2168
2020-04-29,Madhya Pradesh,120,2387
2020-04-30,Madhya Pradesh,129,2561
2020-05-01,Madhya Pradesh,137,2660
2020-05-02,Madhya Pradesh,145,2719
2020-05-03,Madhya Pradesh,151,2846
2020-05-04,Madhya Pradesh,156,2846
2020-05-05,Madhya Pradesh,165,2942
2020-05-06,Madhya Pradesh,176,3049
2020-05-07,Madhya Pradesh,185,3138
2020-05-08,Madhya Pradesh,193,3252
2020-05-09,Madhya Pradesh,200,3341
2020-05-10,Madhya Pradesh,215,3614
2020-05-11,Madhya Pradesh,215,3614
2020-05-12,Madhya Pradesh,221,3785
2020-05-13,Madhya Pradesh,225,3986
2020-05-14,Madhya Pradesh,232,4173
2020-05-15,Madhya Pradesh,237,4426
