Date,Name of State / UT,Death,Total Confirmed cases
2020-03-09,Maharashtra,0,2
2020-03-10,Maharashtra,0,5
2020-03-11,Maharashtra,0,10
2020-03-12,Maharashtra,0,11
2020-03-13,Maharashtra,0,11
2020-03-14,Maharashtra,0,14
2020-03-15,Maharashtra,0,32
2020-03-16,Maharashtra,0,32
2020-03-17,Maharashtra,1,39
2020-03-18,Maharashtra,1,42
2020-03-19,Maharashtra,1,47
2020-03-20,Maharashtra,1,47
2020-03-21,Maharashtra,1,63
2020-03-22,Maharashtra,2,67
2020-03-23,Maharashtra,2,74
2020-03-24,Maharashtra,2,89
2020-03-25,Maharashtra,3,128
2020-03-26,Maharashtra,3,124
2020-03-27,Maharashtra,4,130
2020-03-28,Maharashtra,5,180
2020-03-29,Maharashtra,6,186
2020-03-30,Maharashtra,8,193
2020-03-31,Maharashtra,9,216
2020-04-01,Maharashtra,9,302
2020-04-02,Maharashtra,13,335
2020-04-03,Maharashtra,16,335
2020-04-04,Maharashtra,19,423
2020-04-05,Maharashtra,24,490
2020-04-06,Maharashtra,45,690
2020-04-07,Maharashtra,45,748
2020-04-08,Maharashtra,64,1018
2020-04-09,Maharashtra,72,1135
2020-04-10,Maharashtra,97,1364
2020-04-11,Maharashtra,110,1574
2020-04-12,Maharashtra,127,1761
2020-04-13,Maharashtra,149,1985
2020-04-14,Maharashtra,160,2337
2020-04-15,Maharashtra,178,2687
2020-04-16,Maharashtra,187,2916
2020-04-17,Maharashtra,194,3205
2020-04-18,Maharashtra,201,3323
2020-04-19,Maharashtra,211,3651
2020-04-20,Maharashtra,223,4203
2020-04-21,Maharashtra,232,4666
2020-04-22,Maharashtra,251,5218
2020-04-23,Maharashtra,269,5652
2020-04-24,Maharashtra,283,6430
2020-04-25,Maharashtra,301,6817
2020-04-26,Maharashtra,323,7628
2020-04-27,Maharashtra,342,8068
2020-04-28,Maharashtra,369,8590
2020-04-29,Maharashtra,400,9318
2020-04-30,Maharashtra,432,9915
2020-05-01,Maharashtra,459,10498
2020-05-02,Maharashtra,485,11506
2020-05-03,Maharashtra,521,12296
2020-05-04,Maharashtra,548,12974
2020-05-05,Maharashtra,583,14541
2020-05-06,Maharashtra,617,15525
2020-05-07,Maharashtra,651,16758
2020-05-08,Maharashtra,694,17974
2020-05-09,Maharashtra,731,19063
2020-05-10,Maharashtra,779,20228
2020-05-11,Maharashtra,832,22171
2020-05-12,Maharashtra,868,23401
2020-05-13,Maharashtra,921,24427
2020-05-14,Maharashtra,975,25922
2020-05-15,Maharashtra,1019,27524
