Date,Name of State / UT,Death,Total Confirmed cases
2020-03-24,Manipur,0,1
2020-03-25,Manipur,0,1
2020-03-26,Manipur,0,1
2020-03-27,Manipur,0,1
2020-03-28,Manipur,0,1
2020-03-29,Manipur,0,1
2020-03-30,Manipur,0,1
2020-03-31,Manipur,0,1
2020-04-01,Manipur,0,1
2020-04-02,Manipur,0,1
2020-04-03,Manipur,0,2
2020-04-04,Manipur,0,2
2020-04-05,Manipur,0,2
2020-04-06,Manipur,0,2
2020-04-07,Manipur,0,2
2020-04-08,Manipur,0,2
2020-04-09,Manipur,0,1
2020-04-10,Manipur,0,2
2020-04-11,Manipur,0,2
2020-04-12,Manipur,0,2
2020-04-13,Manipur,0,2
2020-04-14,Manipur,0,2
2020-04-15,Manipur,0,2
2020-04-16,Manipur,0,2
2020-04-17,Manipur,0,2
2020-04-18,Manipur,0,2
2020-04-19,Manipur,0,2
2020-04-20,Manipur,0,2
2020-04-21,Manipur,0,2
2020-04-22,Manipur,0,2
2020-04-23,Manipur,0,2
2020-04-24,Manipur,0,2
2020-04-25,Manipur,0,2
2020-04-26,Manipur,0,2
2020-04-27,Manipur,0,2
2020-04-28,Manipur,0,2
2020-04-29,Manipur,0,2
2020-04-30,Manipur,0,2
2020-05-01,Manipur,0,2
2020-05-02,Manipur,0,2
2020-05-03,Manipur,0,2
2020-05-04,Manipur,0,2
2020-05-05,Manipur,0,2
2020-05-06,Manipur,0,2
2020-05-07,Manipur,0,2
2020-05-08,Manipur,0,2
2020-05-09,Manipur,0,2
2020-05-10,Manipur,0,2
2020-05-11,Manipur,0,2
2020-05-12,Manipur,0,2
2020-05-13,Manipur,0,2
2020-05-14,Manipur,0,2
2020-05-15,Manipur,0,3
