Date,Name of State / UT,Death,Total Confirmed cases
2020-04-14,Meghalaya,0,1
2020-04-15,Meghalaya,0,1
2020-04-16,Meghalaya,1,7
2020-04-17,Meghalaya,1,9
2020-04-18,Meghalaya,1,9
2020-04-19,Meghalaya,1,11
2020-04-20,Meghalaya,1,11
2020-04-21,Meghalaya,1,11
2020-04-22,Meghalaya,1,12
2020-04-23,Meghalaya,1,12
2020-04-24,Meghalaya,1,12
2020-04-25,Meghalaya,1,12
2020-04-26,Meghalaya,1,12
2020-04-27,Meghalaya,1,12
2020-04-28,Meghalaya,1,12
2020-04-29,Meghalaya,1,12
2020-04-30,Meghalaya,1,12
2020-05-01,Meghalaya,1,12
2020-05-02,Meghalaya,1,12
2020-05-03,Meghalaya,1,12
2020-05-04,Meghalaya,1,12
2020-05-05,Meghalaya,1,12
2020-05-06,Meghalaya,1,12
2020-05-07,Meghalaya,1,12
2020-05-08,Meghalaya,1,12
2020-05-09,Meghalaya,1,12
2020-05-10,Meghalaya,1,13
2020-05-11,Meghalaya,1,13
2020-05-12,Meghalaya,1,13
2020-05-13,Meghalaya,1,13
2020-05-14,Meghalaya,1,13
2020-05-15,Meghalaya,1,13
