Date,Name of State / UT,Death,Total Confirmed cases
2020-03-18,Puducherry,0,1
2020-03-19,Puducherry,0,1
2020-03-20,Puducherry,0,1
2020-03-21,Puducherry,0,1
2020-03-22,Puducherry,0,1
2020-03-23,Puducherry,0,1
2020-03-24,Puducherry,0,1
2020-03-25,Puducherry,0,1
2020-03-26,Puducherry,0,1
2020-03-27,Puducherry,0,1
2020-03-28,Puducherry,0,1
2020-03-29,Puducherry,0,1
2020-03-30,Puducherry,0,1
2020-03-31,Puducherry,0,1
2020-04-01,Puducherry,0,3
2020-04-02,Puducherry,0,3
2020-04-03,Puducherry,0,3
2020-04-04,Puducherry,0,5
2020-04-05,Puducherry,0,5
2020-04-06,Puducherry,0,5
2020-04-07,Puducherry,0,5
2020-04-08,Puducherry,0,5
2020-04-09,Puducherry,0,5
2020-04-10,Puducherry,0,5
2020-04-11,Puducherry,0,5
2020-04-12,Puducherry,0,7
2020-04-13,Puducherry,0,7
2020-04-14,Puducherry,0,7
2020-04-15,Puducherry,0,7
2020-04-16,Puducherry,0,7
2020-04-17,Puducherry,0,7
2020-04-18,Puducherry,0,7
2020-04-19,Puducherry,0,7
2020-04-20,Puducherry,0,7
2020-04-21,Puducherry,0,7
2020-04-22,Puducherry,0,7
2020-04-23,Puducherry,0,7
2020-04-24,Puducherry,0,7
2020-04-25,Puducherry,0,7
2020-04-26,Puducherry,0,7
2020-04-27,Puducherry,0,7
2020-04-28,Puducherry,0,8
2020-04-29,Puducherry,0,8
2020-04-30,Puducherry,0,8
2020-05-01,Puducherry,0,8
2020-05-02,Puducherry,0,8
2020-05-03,Puducherry,0,8
2020-05-04,Puducherry,0,8
2020-05-05,Puducherry,0,8
2020-05-06,Puducherry,0,9
2020-05-07,Puducherry,0,9
2020-05-08,Puducherry,0,9
2020-05-09,Puducherry,0,9
2020-05-10,Puducherry,0,9
2020-05-11,Puducherry,0,9
2020-05-12,Puducherry,0,12
2020-05-13,Puducherry,1,13
2020-05-14,Puducherry,1,13
2020-05-15,Puducherry,1,13
