Date,Name of State / UT,Death,Total Confirmed cases
2020-03-04,Rajasthan,0,1
2020-03-05,Rajasthan,0,1
2020-03-06,Rajasthan,0,1
2020-03-07,Rajasthan,0,1
2020-03-08,Rajasthan,0,1
2020-03-09,Rajasthan,0,1
2020-03-10,Rajasthan,0,1
2020-03-11,Rajasthan,0,3
2020-03-12,Rajasthan,0,3
2020-03-13,Rajasthan,0,3
2020-03-14,Rajasthan,0,3
2020-03-15,Rajasthan,0,4
2020-03-16,Rajasthan,0,4
2020-03-17,Rajasthan,0,4
2020-03-18,Rajasthan,0,4
2020-03-19,Rajasthan,0,7
2020-03-20,Rajasthan,0,7
2020-03-21,Rajasthan,0,17
2020-03-22,Rajasthan,0,24
2020-03-23,Rajasthan,0,28
2020-03-24,Rajasthan,0,32
2020-03-25,Rajasthan,0,36
2020-03-26,Rajasthan,0,41
2020-03-27,Rajasthan,0,41
2020-03-28,Rajasthan,0,54
2020-03-29,Rajasthan,0,54
2020-03-30,Rajasthan,0,57
2020-03-31,Rajasthan,0,74
2020-04-01,Rajasthan,0,93
2020-04-02,Rajasthan,0,108
2020-04-03,Rajasthan,0,133
2020-04-04,Rajasthan,0,179
2020-04-05,Rajasthan,0,200
2020-04-06,Rajasthan,0,253
2020-04-07,Rajasthan,3,288
2020-04-08,Rajasthan,3,328
2020-04-09,Rajasthan,3,381
2020-04-10,Rajasthan,3,463
2020-04-11,Rajasthan,3,553
2020-04-12,Rajasthan,3,700
2020-04-13,Rajasthan,3,804
2020-04-14,Rajasthan,3,879
2020-04-15,Rajasthan,3,969
2020-04-16,Rajasthan,3,1023
2020-04-17,Rajasthan,11,1131
2020-04-18,Rajasthan,11,1229
2020-04-19,Rajasthan,11,1351
2020-04-20,Rajasthan,14,1478
2020-04-21,Rajasthan,25,1576
2020-04-22,Rajasthan,25,1659
2020-04-23,Rajasthan,27,1890
2020-04-24,Rajasthan,27,1964
2020-04-25,Rajasthan,27,2034
2020-04-26,Rajasthan,33,2083
2020-04-27,Rajasthan,33,2185
2020-04-28,Rajasthan,46,2262
2020-04-29,Rajasthan,51,2364
2020-04-30,Rajasthan,51,2438
2020-05-01,Rajasthan,58,2584
2020-05-02,Rajasthan,62,2666
2020-05-03,Rajasthan,65,2770
2020-05-04,Rajasthan,71,2886
2020-05-05,Rajasthan,77,3061
2020-05-06,Rajasthan,89,3158
2020-05-07,Rajasthan,92,3317
2020-05-08,Rajasthan,97,3427
2020-05-09,Rajasthan,101,3579
2020-05-10,Rajasthan,106,3708
2020-05-11,Rajasthan,107,3814
2020-05-12,Rajasthan,113,3988
2020-05-13,Rajasthan,117,4126
2020-05-14,Rajasthan,121,4328
2020-05-15,Rajasthan,125,4534
