Date,Name of State / UT,Death,Total Confirmed cases
2020-03-07,Tamil Nadu,0,1
2020-03-08,Tamil Nadu,0,1
2020-03-09,Tamil Nadu,0,1
2020-03-10,Tamil Nadu,0,1
2020-03-11,Tamil Nadu,0,1
2020-03-12,Tamil Nadu,0,1
2020-03-13,Tamil Nadu,0,1
2020-03-14,Tamil Nadu,0,1
2020-03-15,Tamil Nadu,0,1
2020-03-16,Tamil Nadu,0,1
2020-03-17,Tamil Nadu,0,1
2020-03-18,Tamil Nadu,0,1
2020-03-19,Tamil Nadu,0,2
2020-03-20,Tamil Nadu,0,3
2020-03-21,Tamil Nadu,0,3
2020-03-22,Tamil Nadu,0,7
2020-03-23,Tamil Nadu,0,9
2020-03-24,Tamil Nadu,0,15
2020-03-25,Tamil Nadu,0,18
2020-03-26,Tamil Nadu,1,26
2020-03-27,Tamil Nadu,1,29
2020-03-28,Tamil Nadu,1,40
2020-03-29,Tamil Nadu,1,42
2020-03-30,Tamil Nadu,1,50
2020-03-31,Tamil Nadu,1,74
2020-04-01,Tamil Nadu,1,234
2020-04-02,Tamil Nadu,1,234
2020-04-03,Tamil Nadu,1,309
2020-04-04,Tamil Nadu,1,411
2020-04-05,Tamil Nadu,3,485
2020-04-06,Tamil Nadu,5,571
2020-04-07,Tamil Nadu,5,621
2020-04-08,Tamil Nadu,7,690
2020-04-09,Tamil Nadu,8,738
2020-04-10,Tamil Nadu,8,834
2020-04-11,Tamil Nadu,8,911
2020-04-12,Tamil Nadu,10,969
2020-04-13,Tamil Nadu,11,1043
2020-04-14,Tamil Nadu,11,1173
2020-04-15,Tamil Nadu,12,1204
2020-04-16,Tamil Nadu,14,1242
2020-04-17,Tamil Nadu,15,1267
2020-04-18,Tamil Nadu,15,1323
2020-04-19,Tamil Nadu,15,1372
2020-04-20,Tamil Nadu,15,1477
2020-04-21,Tamil Nadu,17,1520
2020-04-22,Tamil Nadu,18,1596
2020-04-23,Tamil Nadu,18,1629
2020-04-24,Tamil Nadu,20,1683
2020-04-25,Tamil Nadu,22,1755
2020-04-26,Tamil Nadu,23,1821
2020-04-27,Tamil Nadu,24,1885
2020-04-28,Tamil Nadu,24,1937
2020-04-29,Tamil Nadu,25,2058
2020-04-30,Tamil Nadu,27,2162
2020-05-01,Tamil Nadu,27,2323
2020-05-02,Tamil Nadu,28,2526
2020-05-03,Tamil Nadu,29,2757
2020-05-04,Tamil Nadu,30,3023
2020-05-05,Tamil Nadu,31,3550
2020-05-06,Tamil Nadu,33,4058
2020-05-07,Tamil Nadu,35,4829
2020-05-08,Tamil Nadu,37,5409
2020-05-09,Tamil Nadu,40,6009
2020-05-10,Tamil Nadu,44,6535
2020-05-11,Tamil Nadu,47,7204
2020-05-12,Tamil Nadu,53,8002
2020-05-13,Tamil Nadu,61,8718
2020-05-14,Tamil Nadu,64,9227
2020-05-15,Tamil Nadu,66,9674
