Date,Name of State / UT,Death,Total Confirmed cases
2020-03-02,Telengana,0,1
2020-03-03,Telengana,0,1
2020-03-04,Telengana,0,1
2020-03-05,Telengana,0,1
2020-03-06,Telengana,0,1
2020-03-07,Telengana,0,1
2020-03-08,Telengana,0,1
2020-03-09,Telengana,0,1
2020-03-10,Telengana,0,1
2020-03-11,Telengana,0,1
2020-03-12,Telengana,0,1
2020-03-13,Telengana,0,1
2020-03-14,Telengana,0,1
2020-03-15,Telengana,0,3
2020-03-16,Telengana,0,3
2020-03-17,Telengana,0,5
2020-03-18,Telengana,0,6
2020-03-19,Telengana,0,6
2020-03-20,Telengana,0,16
2020-03-21,Telengana,0,21
2020-03-22,Telengana,0,22
2020-03-23,Telengana,0,32
2020-03-24,Telengana,0,35
2020-03-25,Telengana,0,35
2020-03-26,Telengana,0,44
2020-03-27,Telengana,0,45
2020-03-28,Telengana,0,56
2020-03-29,Telengana,1,66
2020-03-30,Telengana,1,69
2020-03-31,Telengana,1,79
2020-04-01,Telengana,3,96
2020-04-02,Telengana,3,96
2020-04-03,Telengana,3,107
2020-04-04,Telengana,7,158
2020-04-05,Telengana,7,269
2020-04-06,Telengana,7,321
2020-04-07,Telengana,7,321
2020-04-08,Telengana,7,364
2020-04-09,Telengana,7,427
2020-04-10,Telengana,7,442
2020-04-11,Telengana,7,473
2020-04-12,Telengana,9,504
2020-04-13,Telengana,9,504
2020-04-14,Telengana,17,624
2020-04-15,Telengana,17,624
2020-04-16,Telengana,18,647
2020-04-17,Telengana,18,743
2020-04-18,Telengana,18,766
2020-04-19,Telengana,18,809
2020-04-20,Telengana,18,844
2020-04-21,Telengana,23,873
2020-04-22,Telengana,23,928
2020-04-23,Telengana,23,945
2020-04-24,Telengana,24,960
2020-04-25,Telengana,26,984
2020-04-26,Telengana,26,991
2020-04-27,Telengana,26,1002
2020-04-28,Telengana,26,1004
2020-04-29,Telengana,26,1004
2020-04-30,Telengana,26,1012
2020-05-01,Telengana,26,1038
2020-05-02,Telengana,26,1039
2020-05-03,Telengana,28,1063
2020-05-04,Telengana,29,1082
2020-05-05,Telengana,29,1085
2020-05-06,Telengana,29,1096
2020-05-07,Telengana,29,1107
2020-05-08,Telengana,29,1123
2020-05-09,Telengana,29,1133
2020-05-10,Telengana,30,1163
2020-05-11,Telengana,30,1196
2020-05-12,Telengana,30,1275
2020-05-13,Telengana,32,1326
2020-05-14,Telengana,34,1367
2020-05-15,Telengana,34,1414
