Date,Name of State / UT,Death,Total Confirmed cases
2020-04-07,Tripura,0,1
2020-04-08,Tripura,0,1
2020-04-09,Tripura,0,1
2020-04-10,Tripura,0,1
2020-04-11,Tripura,0,1
2020-04-12,Tripura,0,2
2020-04-13,Tripura,0,2
2020-04-14,Tripura,0,2
2020-04-15,Tripura,0,2
2020-04-16,Tripura,0,2
2020-04-17,Tripura,0,2
2020-04-18,Tripura,0,2
2020-04-19,Tripura,0,2
2020-04-20,Tripura,0,2
2020-04-21,Tripura,0,2
2020-04-22,Tripura,0,2
2020-04-23,Tripura,0,2
2020-04-24,Tripura,0,2
2020-04-25,Tripura,0,2
2020-04-26,Tripura,0,2
2020-04-27,Tripura,0,2
2020-04-28,Tripura,0,2
2020-04-29,Tripura,0,2
2020-04-30,Tripura,0,2
2020-05-01,Tripura,0,2
2020-05-02,Tripura,0,2
2020-05-03,Tripura,0,4
2020-05-04,Tripura,0,16
2020-05-05,Tripura,0,29
2020-05-06,Tripura,0,43
2020-05-07,Tripura,0,43
2020-05-08,Tripura,0,65
2020-05-09,Tripura,0,118
2020-05-10,Tripura,0,134
2020-05-11,Tripura,0,150
2020-05-12,Tripura,0,152
2020-05-13,Tripura,0,154
2020-05-14,Tripura,0,155
2020-05-15,Tripura,0,156
