Date,Name of State / UT,Death,Total Confirmed cases
2020-03-07,Union Territory of Ladakh,0,2
2020-03-08,Union Territory of Ladakh,0,2
2020-03-09,Union Territory of Ladakh,0,2
2020-03-10,Union Territory of Ladakh,0,2
2020-03-11,Union Territory of Ladakh,0,2
2020-03-12,Union Territory of Ladakh,0,3
2020-03-13,Union Territory of Ladakh,0,3
2020-03-14,Union Territory of Ladakh,0,3
2020-03-15,Union Territory of Ladakh,0,3
2020-03-16,Union Territory of Ladakh,0,4
2020-03-17,Union Territory of Ladakh,0,6
2020-03-18,Union Territory of Ladakh,0,8
2020-03-19,Union Territory of Ladakh,0,8
2020-03-20,Union Territory of Ladakh,0,10
