Date,Name of State / UT,Death,Total Confirmed cases
2020-03-15,Uttarakhand,0,1
2020-03-16,Uttarakhand,0,1
2020-03-17,Uttarakhand,0,1
2020-03-18,Uttarakhand,0,1
2020-03-19,Uttarakhand,0,1
2020-03-20,Uttarakhand,0,1
2020-03-21,Uttarakhand,0,3
2020-03-22,Uttarakhand,0,3
2020-03-23,Uttarakhand,0,3
2020-03-24,Uttarakhand,0,4
2020-03-25,Uttarakhand,0,4
2020-03-26,Uttarakhand,0,5
2020-03-27,Uttarakhand,0,5
2020-03-28,Uttarakhand,0,5
2020-03-29,Uttarakhand,0,6
2020-03-30,Uttarakhand,0,7
2020-03-31,Uttarakhand,0,7
2020-04-01,Uttarakhand,0,7
2020-04-02,Uttarakhand,0,7
2020-04-03,Uttarakhand,0,10
2020-04-04,Uttarakhand,0,16
2020-04-05,Uttarakhand,0,22
2020-04-06,Uttarakhand,0,26
2020-04-07,Uttarakhand,0,31
2020-04-08,Uttarakhand,0,31
2020-04-09,Uttarakhand,0,33
2020-04-10,Uttarakhand,0,35
2020-04-11,Uttarakhand,0,35
2020-04-12,Uttarakhand,0,35
2020-04-13,Uttarakhand,0,35
2020-04-14,Uttarakhand,0,35
2020-04-15,Uttarakhand,0,37
2020-04-16,Uttarakhand,0,37
2020-04-17,Uttarakhand,0,37
2020-04-18,Uttarakhand,0,40
2020-04-19,Uttarakhand,0,42
2020-04-20,Uttarakhand,0,44
2020-04-21,Uttarakhand,0,46
2020-04-22,Uttarakhand,0,46
2020-04-23,Uttarakhand,0,46
2020-04-24,Uttarakhand,0,47
2020-04-25,Uttarakhand,0,48
2020-04-26,Uttarakhand,0,48
2020-04-27,Uttarakhand,0,50
2020-04-28,Uttarakhand,0,51
2020-04-29,Uttarakhand,0,54
2020-04-30,Uttarakhand,0,55
2020-05-01,Uttarakhand,0,57
2020-05-02,Uttarakhand,0,58
2020-05-03,Uttarakhand,0,59
2020-05-04,Uttarakhand,0,60
2020-05-05,Uttarakhand,1,60
2020-05-06,Uttarakhand,1,61
2020-05-07,Uttarakhand,1,61
2020-05-08,Uttarakhand,1,61
2020-05-09,Uttarakhand,1,63
2020-05-10,Uttarakhand,1,67
2020-05-11,Uttarakhand,1,68
2020-05-12,Uttarakhand,1,68
2020-05-13,Uttarakhand,1,69
2020-05-14,Uttarakhand,1,72
2020-05-15,Uttarakhand,1,78
