Date,Name of State / UT,Death,Total Confirmed cases
2020-03-04,Uttar Pradesh,0,6
2020-03-05,Uttar Pradesh,0,7
2020-03-06,Uttar Pradesh,0,7
2020-03-07,Uttar Pradesh,0,7
2020-03-08,Uttar Pradesh,0,7
2020-03-09,Uttar Pradesh,0,7
2020-03-10,Uttar Pradesh,0,7
2020-03-11,Uttar Pradesh,0,9
2020-03-12,Uttar Pradesh,0,11
2020-03-13,Uttar Pradesh,0,11
2020-03-14,Uttar Pradesh,0,12
2020-03-15,Uttar Pradesh,0,13
2020-03-16,Uttar Pradesh,0,13
2020-03-17,Uttar Pradesh,0,15
2020-03-18,Uttar Pradesh,0,16
2020-03-19,Uttar Pradesh,0,19
2020-03-20,Uttar Pradesh,0,19
2020-03-21,Uttar Pradesh,0,24
2020-03-22,Uttar Pradesh,0,27
2020-03-23,Uttar Pradesh,0,31
2020-03-24,Uttar Pradesh,0,33
2020-03-25,Uttar Pradesh,0,37
2020-03-26,Uttar Pradesh,0,41
2020-03-27,Uttar Pradesh,0,41
2020-03-28,Uttar Pradesh,0,55
2020-03-29,Uttar Pradesh,0,55
2020-03-30,Uttar Pradesh,0,75
2020-03-31,Uttar Pradesh,0,101
2020-04-01,Uttar Pradesh,2,103
2020-04-02,Uttar Pradesh,2,113
2020-04-03,Uttar Pradesh,2,113
2020-04-04,Uttar Pradesh,2,174
2020-04-05,Uttar Pradesh,2,227
2020-04-06,Uttar Pradesh,2,227
2020-04-07,Uttar Pradesh,3,305
2020-04-08,Uttar Pradesh,3,326
2020-04-09,Uttar Pradesh,4,361
2020-04-10,Uttar Pradesh,4,410
2020-04-11,Uttar Pradesh,4,431
2020-04-12,Uttar Pradesh,5,452
2020-04-13,Uttar Pradesh,5,483
2020-04-14,Uttar Pradesh,5,657
2020-04-15,Uttar Pradesh,5,660
2020-04-16,Uttar Pradesh,11,735
2020-04-17,Uttar Pradesh,14,846
2020-04-18,Uttar Pradesh,14,849
2020-04-19,Uttar Pradesh,14,969
2020-04-20,Uttar Pradesh,17,1084
2020-04-21,Uttar Pradesh,18,1184
2020-04-22,Uttar Pradesh,20,1294
2020-04-23,Uttar Pradesh,21,1449
2020-04-24,Uttar Pradesh,24,1510
2020-04-25,Uttar Pradesh,25,1621
2020-04-26,Uttar Pradesh,29,1843
2020-04-27,Uttar Pradesh,29,1868
2020-04-28,Uttar Pradesh,31,1955
2020-04-29,Uttar Pradesh,34,2053
2020-04-30,Uttar Pradesh,39,2134
2020-05-01,Uttar Pradesh,39,2203
2020-05-02,Uttar Pradesh,42,2328
2020-05-03,Uttar Pradesh,43,2487
2020-05-04,Uttar Pradesh,43,2645
2020-05-05,Uttar Pradesh,50,2766
2020-05-06,Uttar Pradesh,56,2880
2020-05-07,Uttar Pradesh,60,2998
2020-05-08,Uttar Pradesh,62,3071
2020-05-09,Uttar Pradesh,66,3214
2020-05-10,Uttar Pradesh,74,3373
2020-05-11,Uttar Pradesh,74,3467
2020-05-12,Uttar Pradesh,80,3573
2020-05-13,Uttar Pradesh,82,3664
2020-05-14,Uttar Pradesh,83,3729
2020-05-15,Uttar Pradesh,88,3902
