Date,Name of State / UT,Death,Total Confirmed cases
2020-03-18,West Bengal,0,1
2020-03-19,West Bengal,0,1
2020-03-20,West Bengal,0,1
2020-03-21,West Bengal,0,3
2020-03-22,West Bengal,0,4
2020-03-23,West Bengal,1,7
2020-03-24,West Bengal,1,9
2020-03-25,West Bengal,1,9
2020-03-26,West Bengal,1,10
2020-03-27,West Bengal,1,10
2020-03-28,West Bengal,1,15
2020-03-29,West Bengal,1,18
2020-03-30,West Bengal,1,19
2020-03-31,West Bengal,2,26
2020-04-03,West Bengal,3,53
2020-04-04,West Bengal,3,69
2020-04-05,West Bengal,3,69
2020-04-06,West Bengal,3,80
2020-04-07,West Bengal,3,91
2020-04-08,West Bengal,5,99
2020-04-09,West Bengal,5,103
2020-04-10,West Bengal,5,116
2020-04-11,West Bengal,5,116
2020-04-12,West Bengal,5,134
2020-04-13,West Bengal,7,152
2020-04-14,West Bengal,7,190
2020-04-15,West Bengal,7,213
2020-04-16,West Bengal,7,231
2020-04-17,West Bengal,10,255
2020-04-18,West Bengal,10,287
2020-04-19,West Bengal,12,310
2020-04-20,West Bengal,12,339
2020-04-21,West Bengal,12,392
2020-04-22,West Bengal,15,423
2020-04-23,West Bengal,15,456
2020-04-24,West Bengal,15,514
2020-04-25,West Bengal,18,571
2020-04-26,West Bengal,18,611
2020-04-27,West Bengal,20,649
2020-04-28,West Bengal,20,697
2020-04-29,West Bengal,22,725
2020-04-30,West Bengal,22,758
2020-05-01,West Bengal,33,795
2020-05-02,West Bengal,33,795
2020-05-03,West Bengal,33,922
2020-05-04,West Bengal,35,963
2020-05-05,West Bengal,133,1259
2020-05-06,West Bengal,140,1344
2020-05-07,West Bengal,144,1456
2020-05-08,West Bengal,151,1548
2020-05-09,West Bengal,160,1678
2020-05-10,West Bengal,171,1786
2020-05-11,West Bengal,185,1939
2020-05-12,West Bengal,190,2063
2020-05-13,West Bengal,198,2173
2020-05-14,West Bengal,207,2290
2020-05-15,West Bengal,215,2377
